{"Step": 0, "Loss": 0.4514913558959961, "_timestamp": 1717140367.0062816, "_runtime": 605.7623126506805, "_step": 0, "_wandb": {"runtime": 749}}