{"Step": 37, "Loss": 0.18388348817825317, "LPIPS": 0.20231840014457703, "SSIM": 0.5429362058639526, "CLIP Similarity": 98.4641342163086, "_timestamp": 1717267869.829691, "_runtime": 1824.7246940135956, "_step": 38, "Generated Images step 0": {"_type": "images/separated", "width": 384, "height": 512, "format": "png", "count": 24, "filenames": ["media/images/Generated Images step 0_1_3a5c14bb6596812893f8.png", "media/images/Generated Images step 0_1_ce2f134059c015206f95.png", "media/images/Generated Images step 0_1_78c09353c1bcecbe873a.png", "media/images/Generated Images step 0_1_a126fbeef6d98cac93d1.png", "media/images/Generated Images step 0_1_8053c0baceb11d3d11d7.png", "media/images/Generated Images step 0_1_f40ffef8dfa8323b9096.png", "media/images/Generated Images step 0_1_539aef4ae782cbc3f68b.png", "media/images/Generated Images step 0_1_2dc55854717390b22859.png", "media/images/Generated Images step 0_1_f36da03e6b17c10c725e.png", "media/images/Generated Images step 0_1_593c882212e6813072a6.png", "media/images/Generated Images step 0_1_4fd7773605b96b982caf.png", "media/images/Generated Images step 0_1_9e79b51a034da5055728.png", "media/images/Generated Images step 0_1_7c1b30dc46aee0ee7e6e.png", "media/images/Generated Images step 0_1_fd60d84ce8207ec245c0.png", "media/images/Generated Images step 0_1_05bbd16ff3ddf484dd88.png", "media/images/Generated Images step 0_1_50d5edaa9d4b79d1c8b7.png", "media/images/Generated Images step 0_1_8604204afbf02017d853.png", "media/images/Generated Images step 0_1_91e615c91fe6e27c1106.png", "media/images/Generated Images step 0_1_29eaa423354216dc890e.png", "media/images/Generated Images step 0_1_fa846061088c77d7a326.png", "media/images/Generated Images step 0_1_3f30b89920029e95ad0f.png", "media/images/Generated Images step 0_1_4f7625a09f6d43646085.png", "media/images/Generated Images step 0_1_86b5b9959644b42f1431.png", "media/images/Generated Images step 0_1_aab288b2e782247873d7.png"]}}